id,provider_id,internal_key,provider_question_key,provider_question_id,provider_question_title,created_at,updated_at
f73f52ad-17f9-4e5f-b171-a12ed832a3ce,49df2fb4-76f8-4032-8fe9-d0d9aed13a38,gender,gender,,,"2026-02-15 17:54:59.172 +00:00","2026-02-15 17:54:59.172 +00:00"
7766bd62-cee1-46e8-8d84-db265b405bbf,49df2fb4-76f8-4032-8fe9-d0d9aed13a38,age,age,,,"2026-02-15 17:54:59.178 +00:00","2026-02-15 17:54:59.178 +00:00"
b081bf22-e3a1-45cb-8456-4f1ff8043f1e,49df2fb4-76f8-4032-8fe9-d0d9aed13a38,zip_code,zip_code,,,"2026-02-15 17:54:59.180 +00:00","2026-02-15 17:54:59.180 +00:00"
3519b1f5-b104-4e69-96a1-ee267840bb67,49df2fb4-76f8-4032-8fe9-d0d9aed13a38,marital_status,marital_status,,,"2026-02-15 17:54:59.186 +00:00","2026-02-15 17:54:59.186 +00:00"
fcc25cdf-cb4a-49b0-b900-f86b95fe674f,49df2fb4-76f8-4032-8fe9-d0d9aed13a38,income,annual_hhi,,,"2026-02-15 17:54:59.194 +00:00","2026-02-15 17:54:59.194 +00:00"
d0947c73-26f2-4519-946c-6c9eca8ee7ec,49df2fb4-76f8-4032-8fe9-d0d9aed13a38,mobilephone_user,mobilephone_user,,,"2026-02-15 17:54:59.202 +00:00","2026-02-15 17:54:59.202 +00:00"
dd777353-f105-472d-98ee-baeaaa9666e0,49df2fb4-76f8-4032-8fe9-d0d9aed13a38,cell_type,cell_type,,,"2026-02-15 17:54:59.205 +00:00","2026-02-15 17:54:59.205 +00:00"
5f5fe679-ef8d-4c1d-a7bb-3ae20ff2f392,bcce5a0c-5284-45bb-8363-bbcfe5e9e4cd,gender,Gender,1,"","2026-02-15 17:54:59.207 +00:00","2026-02-16 21:13:49.338 +00:00"
7a04345c-987c-4b7a-92f9-bbb119bd970c,bcce5a0c-5284-45bb-8363-bbcfe5e9e4cd,age,Age,29,,"2026-02-15 17:54:59.211 +00:00","2026-02-15 17:54:59.211 +00:00"
d817a9c2-10f5-4f68-bc1d-b03c29e5f665,bcce5a0c-5284-45bb-8363-bbcfe5e9e4cd,zip_code,"Zip Code",2,,"2026-02-15 17:54:59.212 +00:00","2026-02-15 17:54:59.212 +00:00"
6da26f7b-a048-4975-82e3-aba7e02042a1,bcce5a0c-5284-45bb-8363-bbcfe5e9e4cd,ethnicity,STANDARD_HISPANIC,3,,"2026-02-15 17:54:59.213 +00:00","2026-02-15 17:54:59.213 +00:00"
7fbfa5c5-7a30-4150-9fe0-d20ab0191fe7,bcce5a0c-5284-45bb-8363-bbcfe5e9e4cd,race,Race,4,,"2026-02-15 17:54:59.216 +00:00","2026-02-15 17:54:59.216 +00:00"
c82d5618-e7ac-4b34-8479-78f14779b968,bcce5a0c-5284-45bb-8363-bbcfe5e9e4cd,marital_status,Relation,"","","2026-02-17 05:44:25.389 +00:00","2026-02-17 05:44:25.389 +00:00"
f31719be-19b6-4a44-b668-57988ded4691,bcce5a0c-5284-45bb-8363-bbcfe5e9e4cd,country,STANDARD_SG_COUNTRY,"","","2026-02-17 06:16:04.657 +00:00","2026-02-17 06:16:04.657 +00:00"
a534c2fb-d274-47ac-a717-a0a7e61652e9,bcce5a0c-5284-45bb-8363-bbcfe5e9e4cd,occupation,Employment,"","","2026-02-17 07:02:58.407 +00:00","2026-02-17 07:02:58.407 +00:00"
6da24533-44cf-41a0-897d-80563b135e7b,bcce5a0c-5284-45bb-8363-bbcfe5e9e4cd,income,STANDARD_HHI_US,5,"How much total combined income do all members of your household earn before taxes?","2026-02-17 18:56:15.135 +00:00","2026-02-17 18:56:15.135 +00:00"
2390c570-5e3a-4dac-9805-a65215ed224c,bcce5a0c-5284-45bb-8363-bbcfe5e9e4cd,job_title,STANDARD_JOB_TITLE,8,"What is your job title, level or responsibility?","2026-02-17 18:56:15.138 +00:00","2026-02-17 18:56:15.138 +00:00"
116ff513-4205-4f77-b9a2-9518c31994cf,bcce5a0c-5284-45bb-8363-bbcfe5e9e4cd,children,STANDARD_AGE_AND_GENDER_OF_CHILD,9,"Please indicate the age and gender of your child or children:","2026-02-17 18:56:15.140 +00:00","2026-02-17 18:56:15.140 +00:00"
7ce33e02-c802-4e6a-8c9e-7686467c9509,bcce5a0c-5284-45bb-8363-bbcfe5e9e4cd,education,STANDARD_EDUCATION_2016,"","","2026-02-17 21:02:07.197 +00:00","2026-02-17 21:02:07.197 +00:00"
4a57c01e-1855-4da7-84a7-f70da47c1809,49df2fb4-76f8-4032-8fe9-d0d9aed13a38,job_title,job_title,"","","2026-02-18 07:35:32.511 +00:00","2026-02-18 07:35:32.511 +00:00"
d26621a8-2d4a-40f6-be4b-b1695cc97b5b,49df2fb4-76f8-4032-8fe9-d0d9aed13a38,children,age_and_gender_of_child,"","","2026-02-18 07:55:28.910 +00:00","2026-02-18 07:55:28.910 +00:00"
f16aeae4-f3df-414b-a559-d02af78ffb2c,49df2fb4-76f8-4032-8fe9-d0d9aed13a38,race,ethnic_identity_2,"","","2026-02-18 08:02:56.283 +00:00","2026-02-18 08:02:56.283 +00:00"
e7be29df-97e6-4b98-8109-21a3070f575e,49df2fb4-76f8-4032-8fe9-d0d9aed13a38,ethnicity,ethnicity,"","","2026-02-18 08:04:09.477 +00:00","2026-02-18 08:04:09.477 +00:00"
84dd7b1f-74e4-4d81-9a98-c10f5edaa210,49df2fb4-76f8-4032-8fe9-d0d9aed13a38,occupation,employment_status,"","","2026-02-18 08:09:11.551 +00:00","2026-02-18 08:09:11.551 +00:00"
c2cd5788-279d-457c-84d1-a88263fa2b3f,49df2fb4-76f8-4032-8fe9-d0d9aed13a38,education,education,"","","2026-02-18 08:13:25.262 +00:00","2026-02-18 08:13:25.262 +00:00"
